smiles_aromatic,smiles_kekulized,nb_atoms,sw_filter_chembl,sw_filter_zinc,nb_unknown_gcf_chembl,nb_unknown_ecfp_chembl,nb_unknown_gcf_chembl_zinc,nb_unknown_ecfp_chembl_zinc
c1cc2c3cc-3c3c2cc1-3,C1=C2C=C3C(=C1)C1=CC1=C23,10,0.9444444444444444,1.0,1,0,1,0
Oc1nc2scc3c2cc1-3,OC1=C2C=C3C2=CSC3=N1,10,0.9545454545454546,1.0,1,0,1,0
Nc1cc2[nH]cc3c2cc1-3,NC1=C2C=C3C(=C1)NC=C32,10,0.95,1.0,1,0,1,0
Oc1cc2[nH]cc3c2cc1-3,OC1=C2C=C3C(=C1)NC=C32,10,0.95,1.0,1,0,1,0
Nc1nc2[nH]cc3c2cc1-3,NC1=C2C=C3C2=CNC3=N1,10,0.9545454545454546,1.0,1,0,1,0
Nc1nc2scc3c2cc1-3,NC1=C2C=C3C2=CSC3=N1,10,0.9545454545454546,1.0,1,0,1,0
c1nc2c3cc-3c3c2cc1-3,C1=C2C=C3C(=N1)C1=CC1=C23,10,0.9523809523809524,1.0,1,0,1,0
Fc1cc2[nH]cc3c2cc1-3,FC1=C2C=C3C(=C1)NC=C32,10,0.95,1.0,1,0,1,0
Cc1nc2scc3c2cc1-3,CC1=C2C=C3C2=CSC3=N1,10,0.9545454545454546,1.0,1,0,1,0
Cc1nc2[nH]cc3c2cc1-3,CC1=C2C=C3C2=CNC3=N1,10,0.9545454545454546,1.0,1,0,1,0
Cc1cc2[nH]cc3c2cc1-3,CC1=C2C=C3C(=C1)NC=C32,10,0.95,1.0,1,0,1,0
c1nc2scc3c2cc1-3,C1=C2C=C3C2=CSC3=N1,9,0.9523809523809524,1.0,1,0,1,0
Oc1nc2[nH]cc3c2cc1-3,OC1=C2C=C3C2=CNC3=N1,10,0.9545454545454546,1.0,1,0,1,0
c1c2c3ccc4cc3c4c1-2,C1=C2C=C3C(=C1)C1=CC1=C23,10,0.9444444444444444,1.0,1,0,1,0
c1c2c3ncc4cc3c4c1-2,C1=C2C=C3C(=N1)C1=CC1=C23,10,0.9523809523809524,1.0,1,0,1,0
