smiles_aromatic,smiles_kekulized,nb_atoms,sw_filter_chembl,sw_filter_zinc,nb_unknown_gcf_chembl,nb_unknown_ecfp_chembl,nb_unknown_gcf_chembl_zinc,nb_unknown_ecfp_chembl_zinc
c1cc2oc3c-2ccc1-3,C1=CC2=C3OC2=CC=C13,9,1.0,1.0,1,1,1,1
c1c2c3oc-2c2oc2cc13,C1=C2OC2=C2OC3=C1C=C32,10,1.0,1.0,1,3,1,3
c1nc2c3cc4cc(c14)c32,C1=C2C=C3C4=NC=C2C1=C34,10,1.0,1.0,1,1,1,1
c1cc2sc3c-2sc1-3,C1=C2SC3=C2SC3=C1,8,1.0,1.0,1,1,1,1
c1cc2[nH]c3c-2ccc1-3,C1=CC2=C3NC2=CC=C13,9,1.0,1.0,1,1,1,1
c1nc2c3nc4cc(c14)c23,C1=C2N=C3C4=NC=C2C1=C43,10,1.0,1.0,1,1,1,0
C1=C2C=c3c(cnn32)=N1,C1=NN2C3=CN=C1C2=C3,9,1.0,1.0,1,8,1,8
C1=C2N=c3c(ccn32)=C1,C1=CN2C3=CC=C1C2=N3,9,1.0,1.0,1,6,1,6
C1=c2ccn3c2=NC3=N1,C1=CN2C3=NC=C1C2=N3,9,1.0,1.0,1,8,1,8
Oc1cc2oc3c-2oc1-3,OC1=C2OC3=C2OC3=C1,9,1.0,1.0,1,4,1,2
c1cc2oc3c-2oc1-3,C1=C2OC3=C2OC3=C1,8,1.0,1.0,1,1,1,0
C1=C2C=c3c(cnn32)=C1,C1=NN2C3=CC=C1C2=C3,9,1.0,1.0,1,7,1,7
C1=C2C=c3c(ccn32)=N1,C1=CN2C3=CN=C1C2=C3,9,1.0,1.0,1,8,1,8
c1c2c3cc=2c1nn3,C1=C2N=NC3=C1C2=C3,8,1.0,1.0,1,2,1,2
OCc1cc2sc3c-2sc1-3,OCC1=C2SC3=C2SC3=C1,10,1.0,1.0,1,3,1,3
Nc1nc2onc3c2cc1-3,NC1=C2C=C3C(=N1)ON=C32,10,1.0,1.0,1,1,1,1
c1cc2c3c4c1c(c2-4)CC3,C1=C2C3=C4C(=C1)C(=C24)CC3,10,1.0,1.0,1,2,1,1
N#Cc1cc2sc3c-2sc1-3,N#CC1=C2SC3=C2SC3=C1,10,1.0,1.0,1,5,1,3
c1c2c3c4csc1c4C=3C2,C1=C2CC3=C2C2=CSC1=C23,10,1.0,1.0,1,6,1,6
C1=C2N=c3c(cnn32)=C1,C1=NN2C3=CC=C1C2=N3,9,1.0,1.0,1,6,1,6
Cc1cc2sc3c-2sc1-3,CC1=C2SC3=C2SC3=C1,9,1.0,1.0,1,3,1,2
c12=C3C4c5c6c-1c(c5C34)=c-2-6,C12=C3C4=C1C1=C3C3C(=C24)C13,10,1.0,1.0,1,6,1,6
c1cc2snc3c2nc1-3,C1=C2N=C3C(=C1)SN=C23,9,1.0,1.0,1,1,1,0
C1=C2N=c3c(cnn32)=N1,C1=NN2C3=CN=C1C2=N3,9,1.0,1.0,1,8,1,8
C1=C2N=c3c(ccn32)=N1,C1=CN2C3=CN=C1C2=N3,9,1.0,1.0,1,8,1,8
Cc1cc2snc3c2nc1-3,CC1=C2N=C3C(=C1)SN=C32,10,1.0,1.0,1,1,1,1
Oc1cc2snc3c2nc1-3,OC1=C2N=C3C(=C1)SN=C32,10,1.0,1.0,1,2,1,2
Nc1nc2[nH]nc3c2cc1-3,NC1=C2C=C3C(=N1)NN=C32,10,1.0,1.0,1,1,1,1
C1=C2C=c3c(ccn32)=C1,C1=CN2C3=CC=C1C2=C3,9,1.0,1.0,1,7,1,7
Oc1cc2ccc3c-2[nH]c1-3,OC1=C2NC3=C2C=CC3=C1,10,1.0,1.0,1,3,1,1
C1=c2c3ccc1c2cnc3,C1=NC=C2C3=CC=C1C2=C3,10,1.0,1.0,1,5,1,4
c1cc2oc3c1ccc23,C1=CC2=C3OC2=CC=C13,9,1.0,1.0,1,1,1,1
Fc1nn2c3nc-2ccc13,FC1=NN2C3=CC=C1C2=N3,10,1.0,1.0,1,7,1,6
Cc1nn2c3nc-2ncc13,CC1=NN2C3=NC=C1C2=N3,10,1.0,1.0,1,8,1,8
Nc1cc2ccc3c-2oc1-3,NC1=C2OC3=C2C=CC3=C1,10,1.0,1.0,1,3,1,2
NC1=c2c3ccc1c2on3,NC1=C2C3=NOC2=C1C=C3,10,1.0,1.0,1,5,1,5
Fc1cc2nnc3c-2[nH]c1-3,FC1=C2NC3=C2N=NC3=C1,10,1.0,1.0,1,4,1,3
c1c2c3c-2sc2c1cc32,C1=C2C3=C1C=C1C(=C21)S3,9,1.0,1.0,1,3,1,2
Oc1c2c(F)cc3nc2c13,OC1=C2C(F)=CC3=NC2=C31,10,1.0,1.0,1,5,1,5
Cc1nn2c3cc-2cnc13,CC1=NN2C3=CN=C1C2=C3,10,1.0,1.0,1,8,1,8
COc1c2ccc3cc2c13,COC1=C2C=CC3=CC2=C31,10,1.0,1.0,1,5,1,5
Cc1cc2ccc3c-2sc1-3,CC1=C2SC3=C2C=CC3=C1,10,1.0,1.0,1,1,1,0
Cc1cc2sc3c1sc23,CC1=C2SC3=C2SC3=C1,9,1.0,1.0,1,3,1,2
Cc1c2c(O)nc3cc2c13,CC1=C2C(O)=NC3=CC2=C31,10,1.0,1.0,1,6,1,6
Cc1c2c(N)nc3cc2c13,CC1=C2C(N)=NC3=CC2=C31,10,1.0,1.0,1,6,1,6
Fc1cc2ccc3c-2sc1-3,FC1=C2SC3=C2C=CC3=C1,10,1.0,1.0,1,3,1,1
Cc1cc2ccc3c-2[nH]c1-3,CC1=C2NC3=C2C=CC3=C1,10,1.0,1.0,1,2,1,2
Oc1c2cnc3cc2c13,OC1=C2C=NC3=CC2=C31,9,1.0,1.0,1,6,1,4
Cc1cn2c3nc-2ccc13,CC1=CN2C3=CC=C1C2=N3,10,1.0,1.0,1,7,1,6
Fc1cc2ccc3c-2[nH]c1-3,FC1=C2NC3=C2C=CC3=C1,10,1.0,1.0,1,3,1,3
C1=c2c3ccc1c2nnc3,C1=NN=C2C3=CC=C1C2=C3,10,1.0,1.0,1,5,1,4
Oc1c2ccc3c(O)c2c13,OC1=C2C=CC3=C(O)C2=C13,10,1.0,1.0,1,3,1,2
Oc1nn2c3nc-2ncc13,OC1=NN2C3=NC=C1C2=N3,10,1.0,1.0,1,8,1,8
c1c2c3c-2[nH]c2c1cc32,C1=C2C3=C1C=C1C(=C21)N3,9,1.0,1.0,1,2,1,2
Oc1nc2cnc3c-2[nH]c1-3,OC1=C2NC3=C2N=CC3=N1,10,1.0,1.0,1,4,1,3
c1cc2[nH]c3c1ccc23,C1=CC2=C3NC2=CC=C13,9,1.0,1.0,1,1,1,1
N#Cc1cc2sc3c1sc23,N#CC1=C2SC3=C2SC3=C1,10,1.0,1.0,1,5,1,3
Cc1c2oc(=O)c3cc2c13,CC1=C2OC(=O)C3=CC2=C31,10,1.0,1.0,1,6,1,5
OCc1c2cnc3cc2c13,OCC1=C2C=NC3=CC2=C31,10,1.0,1.0,1,6,1,5
c1nc2c3c-2cc2cc3c1-2,C1=C2C=C3C2=CN=C2C1=C32,10,1.0,1.0,1,1,1,1
Cc1cn2c3cc-2ccc13,CC1=CN2C3=CC=C1C2=C3,10,1.0,1.0,1,8,1,7
Nc1nn2c3nc-2nnc13,NC1=NN2C3=NN=C1C2=N3,10,1.0,1.0,1,8,1,8
c1c2c3c-2oc2c1cc32,C1=C2C3=C1C=C1C(=C21)O3,9,1.0,1.0,1,3,1,0
c1c2c3c(c4c1scc34)C2,C1=C2CC3=C2C2=CSC1=C23,10,1.0,1.0,1,6,1,6
Cc1cc2oc3c1c(=O)c23,CC1=C2C(=O)C3=C2OC3=C1,10,1.0,1.0,1,7,1,5
OCc1cc2sc3c1sc23,OCC1=C2SC3=C2SC3=C1,10,1.0,1.0,1,3,1,3
c1nc2c3c-2nc2cc3c1-2,C1=C2C3=CC2=NC2=C3C2=N1,10,1.0,1.0,1,1,1,0
Oc1nc2cnc3c-2sc1-3,OC1=C2SC3=C2N=CC3=N1,10,1.0,1.0,1,2,1,2
Cc1nc2ccc3c-2oc1-3,CC1=C2OC3=C2C=CC3=N1,10,1.0,1.0,1,2,1,1
c1nc2c3c-2nc2cc3c1=2,C1=C2C3=CC2=NC2=C3C2=N1,10,1.0,1.0,1,1,1,0
Fc1cc2ccc3c-2oc1-3,FC1=C2OC3=C2C=CC3=C1,10,1.0,1.0,1,3,1,3
Cc1cc2cnc3c-2[nH]c1-3,CC1=C2NC3=C2N=CC3=C1,10,1.0,1.0,1,2,1,1
Cc1nc2cnc3c-2sc1-3,CC1=C2SC3=C2N=CC3=N1,10,1.0,1.0,1,1,1,1
Sc1nc2cnc3c-2[nH]c1-3,SC1=C2NC3=C2N=CC3=N1,10,1.0,1.0,1,4,1,4
Cc1c2ncc3cc2c13,CC1=C2N=CC3=CC2=C31,9,1.0,1.0,1,5,1,5
Nc1[nH]c2cnc3c1c2=N3,NC1=C2C3=NC=C(N1)C2=N3,10,1.0,1.0,1,4,1,3
Fc1cc2cnc3c-2[nH]c1-3,FC1=C2NC3=C2N=CC3=C1,10,1.0,1.0,1,3,1,3
Sc1nn2c3nc-2ncc13,SC1=NN2C3=NC=C1C2=N3,10,1.0,1.0,1,8,1,8
c1c2cc3c2oc3c2oc12,C1=C2OC2=C2OC3=C1C=C32,10,1.0,1.0,1,3,1,3
Cc1c2cc(N)c3cc2c13,CC1=C2C=C(N)C3=CC2=C31,10,1.0,1.0,1,6,1,5
Cc1c2ccc3c(O)c2c13,CC1=C2C=CC3=C(O)C2=C13,10,1.0,1.0,1,6,1,5
Oc1nn2c3cc-2ccc13,OC1=NN2C3=CC=C1C2=C3,10,1.0,1.0,1,8,1,7
Nc1nn2c3cc-2cnc13,NC1=NN2C3=CN=C1C2=C3,10,1.0,1.0,1,8,1,8
Oc1cc2cnc3c-2[nH]c1-3,OC1=C2NC3=C2N=CC3=C1,10,1.0,1.0,1,3,1,2
Oc1nc2ccc3c-2[nH]c1-3,OC1=C2NC3=C2C=CC3=N1,10,1.0,1.0,1,3,1,2
Nc1nn2c3cc-2ccc13,NC1=NN2C3=CC=C1C2=C3,10,1.0,1.0,1,8,1,7
Oc1nc2ccc3c-2oc1-3,OC1=C2OC3=C2C=CC3=N1,10,1.0,1.0,1,2,1,2
Nc1cc2[nH]c3c1c(=O)c23,NC1=C2C(=O)C3=C2NC3=C1,10,1.0,1.0,1,7,1,6
Nc1nn2c3nc-2cnc13,NC1=NN2C3=CN=C1C2=N3,10,1.0,1.0,1,8,1,8
Cc1nn2c3nc-2cnc13,CC1=NN2C3=CN=C1C2=N3,10,1.0,1.0,1,8,1,8
Cc1nc2ccc3c-2[nH]c1-3,CC1=C2NC3=C2C=CC3=N1,10,1.0,1.0,1,1,1,1
Nc1nc2cnc3c-2[nH]c1-3,NC1=C2NC3=C2N=CC3=N1,10,1.0,1.0,1,4,1,3
Nc1nn2c3nc-2ncc13,NC1=NN2C3=NC=C1C2=N3,10,1.0,1.0,1,8,1,8
Cc1c2cc(O)c3cc2c13,CC1=C2C=C(O)C3=CC2=C31,10,1.0,1.0,1,6,1,5
Fc1cc2ncc3c-2[nH]c1-3,FC1=C2NC3=C2C=NC3=C1,10,1.0,1.0,1,4,1,2
Cc1c2ccc3c(C)c2c13,CC1=C2C=CC3=C(C)C2=C13,10,1.0,1.0,1,3,1,3
Oc1c2ccc3nc2c13,OC1=C2C=CC3=NC2=C31,9,1.0,1.0,1,5,1,3
Oc1nn2c3nc-2ccc13,OC1=NN2C3=CC=C1C2=N3,10,1.0,1.0,1,7,1,6
Nc1nc2cnc3c-2sc1-3,NC1=C2SC3=C2N=CC3=N1,10,1.0,1.0,1,2,1,2
Cc1nn2c3nc-2ccc13,CC1=NN2C3=CC=C1C2=N3,10,1.0,1.0,1,7,1,6
c1nc2ccn3c2nc1-3,C1=CN2C3=CN=C1C2=N3,9,1.0,1.0,1,8,1,8
Cc1cc2ncc3c-2[nH]c1-3,CC1=C2NC3=C2C=NC3=C1,10,1.0,1.0,1,2,1,1
Oc1c2ccc3cc2c13,OC1=C2C=CC3=CC2=C31,9,1.0,1.0,1,5,1,4
Nc1cc2ccc3c-2[nH]c1-3,NC1=C2NC3=C2C=CC3=C1,10,1.0,1.0,1,3,1,2
Oc1c2cc3c4c(c2c14)C3,OC1=C2C=C3CC4=C3C1=C24,10,1.0,1.0,1,6,1,5
Cc1c2[nH]c(=O)c3cc2c13,CC1=C2NC(=O)C3=CC2=C31,10,1.0,1.0,1,6,1,5
Cc1c2cnc3cc2c13,CC1=C2C=NC3=CC2=C31,9,1.0,1.0,1,6,1,5
Cc1nc2ccc3c-2sc1-3,CC1=C2SC3=C2C=CC3=N1,10,1.0,1.0,1,2,1,1
Oc1cc2ncc3c-2[nH]c1-3,OC1=C2NC3=C2C=NC3=C1,10,1.0,1.0,1,3,1,0
Oc1cc2oc3c1oc23,OC1=C2OC3=C2OC3=C1,9,1.0,1.0,1,4,1,2
Sc1nn2c3nc-2ccc13,SC1=NN2C3=CC=C1C2=N3,10,1.0,1.0,1,7,1,6
Nc1cc2ncc3c-2[nH]c1-3,NC1=C2NC3=C2C=NC3=C1,10,1.0,1.0,1,3,1,1
c1cc2oc3c1oc23,C1=C2OC3=C2OC3=C1,8,1.0,1.0,1,1,1,0
Nc1cc2ccc3c-2sc1-3,NC1=C2SC3=C2C=CC3=C1,10,1.0,1.0,1,2,1,1
Oc1cc2ccc3c-2sc1-3,OC1=C2SC3=C2C=CC3=C1,10,1.0,1.0,1,2,1,1
Cc1nn2c3nc-2nnc13,CC1=NN2C3=NN=C1C2=N3,10,1.0,1.0,1,8,1,8
Fc1cn2c3cc-2ccc13,FC1=CN2C3=CC=C1C2=C3,10,1.0,1.0,1,8,1,7
OC1=c2c3ccc1c2[nH]n3,OC1=C2C3=NNC2=C1C=C3,10,1.0,1.0,1,5,1,5
Sc1nn2c3cc-2ccc13,SC1=NN2C3=CC=C1C2=C3,10,1.0,1.0,1,8,1,7
Oc1cc2ccc3c-2oc1-3,OC1=C2OC3=C2C=CC3=C1,10,1.0,1.0,1,3,1,2
Nc1nn2c3nc-2ccc13,NC1=NN2C3=CC=C1C2=N3,10,1.0,1.0,1,7,1,6
Cc1c2ccc3cc2c13,CC1=C2C=CC3=CC2=C31,9,1.0,1.0,1,5,1,5
c1nc2ccn3c2cc1-3,C1=CN2C3=CN=C1C2=C3,9,1.0,1.0,1,8,1,8
c1cc2sc3c1sc23,C1=C2SC3=C2SC3=C1,8,1.0,1.0,1,1,1,1
c1c2c3cc-2c1nn3,C1=C2N=NC3=C1C2=C3,8,1.0,1.0,1,2,1,2
Sc1nc2cnc3c-2sc1-3,SC1=C2SC3=C2N=CC3=N1,10,1.0,1.0,1,3,1,3
Cc1cc2ccc3c-2oc1-3,CC1=C2OC3=C2C=CC3=C1,10,1.0,1.0,1,1,1,1
Oc1cc2nnc3c-2[nH]c1-3,OC1=C2NC3=C2N=NC3=C1,10,1.0,1.0,1,3,1,2
c1c2c(c3c4c[nH]c3c14)N2,C1=C2C3=CNC2=C3C2=C1N2,10,1.0,1.0,1,2,1,1
Cc1cn2c3cc-2cnc13,CC1=CN2C3=CN=C1C2=C3,10,1.0,1.0,1,8,1,8
Cc1cc2[nH]c3c1c(=O)c23,CC1=C2C(=O)C3=C2NC3=C1,10,1.0,1.0,1,7,1,6
Cc1cn2c3nc-2cnc13,CC1=CN2C3=CN=C1C2=N3,10,1.0,1.0,1,8,1,8
Cc1c2c(=O)oc3cc2c13,CC1=C2C(=O)OC3=CC2=C31,10,1.0,1.0,1,6,1,6
Nc1nc2ccc3c-2oc1-3,NC1=C2OC3=C2C=CC3=N1,10,1.0,1.0,1,3,1,2
c1cc2nnc3c(c1)c2=N3,C1=CC2=NN=C3N=C2C3=C1,10,1.0,1.0,1,2,1,1
Cc1cc2nnc3c-2[nH]c1-3,CC1=C2NC3=C2N=NC3=C1,10,1.0,1.0,1,2,1,1
COc1c2cnc3cc2c13,COC1=C2C=NC3=CC2=C31,10,1.0,1.0,1,6,1,5
COc1c2ncc3cc2c13,COC1=C2N=CC3=CC2=C31,10,1.0,1.0,1,5,1,5
Sc1nc2ccc3c-2[nH]c1-3,SC1=C2NC3=C2C=CC3=N1,10,1.0,1.0,1,3,1,3
c1cn2c3nc-2ncc13,C1=CN2C3=NC=C1C2=N3,9,1.0,1.0,1,8,1,8
OC1=c2c3ccc1c2on3,OC1=C2C3=NOC2=C1C=C3,10,1.0,1.0,1,5,1,5
Fc1nn2c3cc-2ccc13,FC1=NN2C3=CC=C1C2=C3,10,1.0,1.0,1,8,1,7
Cc1nn2c3cc-2ccc13,CC1=NN2C3=CC=C1C2=C3,10,1.0,1.0,1,8,1,7
Nc1nc2ccc3c-2sc1-3,NC1=C2SC3=C2C=CC3=N1,10,1.0,1.0,1,3,1,2
c1cc2cnc3c(c1)c2=N3,C1=CC2=CN=C3N=C2C3=C1,10,1.0,1.0,1,1,1,1
